case,quantile,s,P_ref,P_imhof,P_gilpelaez,gp_converged,gp_n,imhof_quad_err,imhof_warnings,abs_err_imhof,abs_err_gilpelaez,P_saddlepoint,mc_se,z_imhof,z_gilpelaez,imhof_vs_gilpelaez,imhof_vs_saddle
chi2_1,0.001,1.5707971492624921e-06,0.0010000000000000002,-4.8753415970992364e-08,0.0008907243415823274,False,6000000,9.970611304345153e-08,1,0.0010000487534159712,0.00010927565841767285,,,,,,
chi2_1,0.01,0.00015708785790970184,0.009999999999999995,0.009998368516032752,0.01000144279507198,False,6000000,1.659174337918522e-06,1,1.631483967243219e-06,1.4427950719847482e-06,,,,,,
chi2_1,0.05,0.003932140000019522,0.05,0.04999439893939073,0.05000002062815828,False,6000000,3.153467274563027e-06,1,5.6010606092754545e-06,2.0628158278745978e-08,,,,,,
chi2_1,0.5,0.454936423119572,0.4999999999999997,0.5000112156033601,0.5000000000504913,False,6000000,4.609126396000504e-06,1,1.121560336042604e-05,5.049155538117134e-11,,,,,,
chi2_1,0.95,3.841458820694124,0.9500000000000001,0.9503854923589219,0.9499999997171862,False,6000000,0.0005382984941283736,1,0.000385492358921824,2.8281388342321634e-10,,,,,,
chi2_1,0.99,6.6348966010212145,0.99,0.9908870429987408,0.9899999996283191,False,6000000,0.00041558963394473157,1,0.0008870429987407613,3.7168090827321976e-10,,,,,,
chi2_1,0.999,10.827566170662733,0.999,0.998405553239432,0.998999999525191,False,6000000,0.0002367304793084324,1,0.0005944467605679682,4.748089699191382e-10,,,,,,
scaled_chi2_5,0.001,0.4204252052584384,0.0010000000000000013,0.000999998049778239,0.0010000000000000009,True,1043039,6.190121716324224e-09,0,1.9502217622931195e-09,4.336808689942018e-19,0.0010120988903679108,,,,,
scaled_chi2_5,0.01,1.1085961534565545,0.01,0.010000000117378227,0.009999999999999898,True,1043039,6.508088745198372e-09,0,1.173782269298096e-10,1.0234868508263162e-16,0.010072096589614322,,,,,
scaled_chi2_5,0.05,2.2909524521235385,0.05000000000000001,0.04999999993943255,0.04999999999999999,True,1043039,6.4326997417694345e-09,0,6.056746076898989e-11,2.0816681711721685e-17,0.050190511998588296,,,,,
scaled_chi2_5,0.5,8.702920382191053,0.5000000000000001,0.4999999998396638,0.4999999999999999,True,1043039,4.6422610247922374e-09,0,1.6033629979261832e-10,2.220446049250313e-16,0.5000501977449485,,,,,
scaled_chi2_5,0.95,22.140995387032703,0.95,0.9499999841503521,0.95,True,2309391,4.715092518686655e-09,0,1.584964781642384e-08,0.0,0.9499131851743308,,,,,
scaled_chi2_5,0.99,30.17254493877798,0.99,0.9900000008804004,0.9899999999999998,True,3147112,7.2691762783728736e-09,0,8.804004192342063e-10,2.220446049250313e-16,0.9899714248705344,,,,,
scaled_chi2_5,0.999,41.030011304865745,0.999,0.9989999998987313,0.9989999999999999,True,4279587,8.676488138945954e-09,1,1.0126866012427627e-10,1.1102230246251565e-16,0.9989957903638668,,,,,
scaled_chi2_21,0.001,19.340029689651956,0.001,0.000999999999903578,0.0009999999999997233,True,1606,4.770389099124414e-09,0,9.642200232695686e-14,2.7668839441830073e-16,0.0010004178229381848,,,,,
scaled_chi2_21,0.01,26.69159382623165,0.010000000000000018,0.010000000000415454,0.009999999999999676,True,1606,3.814321481546666e-09,0,4.154367821973537e-13,3.41740524767431e-16,0.010002027130588452,,,,,
scaled_chi2_21,0.05,34.7739156264622,0.04999999999999986,0.049999999999474576,0.04999999999999971,True,1606,1.9219487758945756e-09,0,5.252812074196811e-13,1.457167719820518e-16,0.05000385672632769,,,,,
scaled_chi2_21,0.5,61.0116826906438,0.4999999999999999,0.49999999999977207,0.5000000000000004,True,1606,2.3583003140513904e-09,0,2.278177646530821e-13,5.551115123125783e-16,0.49998447155666537,,,,,
scaled_chi2_21,0.95,98.01172002275194,0.95,0.949999999918999,0.9500000000000002,True,2497,1.639444232771636e-09,0,8.100098369823172e-11,2.220446049250313e-16,0.9499903813228618,,,,,
scaled_chi2_21,0.99,116.79651805054822,0.99,0.9899999999988461,0.9900000000000001,True,2976,5.695093520587986e-09,0,1.1538547894929252e-12,1.1102230246251565e-16,0.9899970579822623,,,,,
scaled_chi2_21,0.999,140.39111412468395,0.999,0.9989999997526572,0.999,True,3577,4.080150673044607e-09,0,2.473428128979549e-10,0.0,0.9989995742300288,,,,,
lowrank_diag_unequal_with_zeros,0.001,0.02018625815404585,0.001,0.0010548633051694067,0.001054857834707934,False,6000000,6.298695218042887e-09,0,5.486330516940672e-05,5.485783470793402e-05,0.0010965245414015982,,,,,
lowrank_diag_unequal_with_zeros,0.01,0.09413655502501547,0.01,0.00982173792622637,0.00982173806987302,False,6000000,5.1982401198568255e-09,0,0.00017826207377362978,0.00017826193012697965,0.010281827396680394,,,,,
lowrank_diag_unequal_with_zeros,0.05,0.3186184932953237,0.05,0.04967706431210506,0.04967706808672612,False,6000000,1.130012840988817e-08,1,0.00032293568789494576,0.0003229319132738856,0.05223496756097297,,,,,
lowrank_diag_unequal_with_zeros,0.5,3.612965960539163,0.5,0.5005658615910286,0.5005658336952825,False,6000000,3.6458011255695093e-07,1,0.0005658615910285603,0.0005658336952825138,0.5172958260121358,,,,,
lowrank_diag_unequal_with_zeros,0.95,20.39210276956593,0.95,0.9495533997659691,0.9495537287531646,False,6000000,1.1319337068865039e-05,1,0.00044660023403086946,0.00044627124683538355,0.9493377257230194,,,,,
lowrank_diag_unequal_with_zeros,0.99,34.430925646036485,0.99,0.9900202699146028,0.9900195628035918,False,6000000,3.932377417626855e-06,1,2.0269914602799588e-05,1.956280359183271e-05,0.9898271425951821,,,,,
lowrank_diag_unequal_with_zeros,0.999,55.106451674519796,0.999,0.9989698016019343,0.9989713655966804,False,6000000,2.9128490275565676e-05,1,3.0198398065728327e-05,2.863440331957179e-05,0.9989365718238141,,,,,
bstack_axis1134,0.001,129.26888152061596,0.001,0.0009594141558891267,0.0009594141557500713,True,5692,6.862476288691624e-09,0,,,0.0009671135547787283,3.160696125855822e-05,-1.2840792817399957,-1.284079286139515,1.3905543383430086e-13,7.699398889601588e-06
bstack_axis1134,0.01,215.00234649521133,0.01,0.009851446571963185,0.009851446714726486,True,5692,5.84196554218442e-09,0,,,0.009936198934413169,9.9498743710662e-05,-1.4930181276338736,-1.4930166928087105,1.4276330118079272e-10,8.475236244998366e-05
bstack_axis1134,0.05,327.2956609723966,0.05,0.04993424599884666,0.04993424640640265,True,5692,5.41512940843206e-09,0,,,0.05037215370393044,0.0002179449471770337,-0.30170004859039673,-0.3016981785952707,4.075559889571423e-10,0.00043790770508377735
bstack_axis1134,0.5,806.9291431726228,0.5,0.5001542533496153,0.5001542538695736,True,5692,4.062855103960457e-09,0,,,0.5035450957660589,0.0005,0.3085066992305485,0.3085077391471458,5.19958298639267e-10,0.003390842416443607
bstack_axis1134,0.95,1755.8023440592272,0.95,0.9498441745388957,0.9498441743589632,True,11179,6.604676823319348e-09,0,,,0.951289397925197,0.00021794494717703377,-0.7149762502990687,-0.7149770758860606,1.7993251333336957e-10,0.0014452233863012642
bstack_axis1134,0.99,2347.797446256708,0.99,0.9899956214914394,0.9899956227835767,True,14948,7.175546486631349e-09,0,,,0.9903645645804213,9.949874371066204e-05,-0.04400566677848845,-0.04399268031013851,1.292137286057482e-09,0.0003689430889819434
bstack_axis1134,0.999,3177.899310877746,0.999,0.9989958706920059,0.9989958710417656,True,20233,6.545524873309304e-09,0,,,0.999033760491242,3.1606961258558234e-05,-0.13064552331730278,-0.13063445741119392,3.497596656742985e-10,3.788979923613489e-05
bstack_axis777,0.001,148.2794604326251,0.001,0.0009477443917880746,0.0009477443915583139,True,6376,2.2735697478677008e-10,0,,,0.0009558280075626157,3.160696125855822e-05,-1.6532942785752993,-1.653294285844605,2.2976065494617615e-13,8.08361577454115e-06
bstack_axis777,0.01,243.56765597922993,0.01,0.009867678553147963,0.009867678609399078,True,6376,4.498952425873272e-11,0,,,0.009955244083094594,9.9498743710662e-05,-1.329880578561097,-1.329880013216121,5.6251114877170494e-11,8.756552994663123e-05
bstack_axis777,0.05,367.78629189372776,0.05,0.04994816406075031,0.04994816409683683,True,6376,4.148623108042844e-09,0,,,0.050414408202757416,0.0002179449471770337,-0.23783960087675887,-0.2378394353004373,3.6086522658962394e-11,0.00046624414200710507
bstack_axis777,0.5,900.9999896508809,0.5,0.49994564323382845,0.4999456431466775,True,6376,2.645042156367065e-09,0,,,0.5042237224681517,0.0005,-0.10871353234309655,-0.1087137066450028,8.715095312084031e-11,0.004278079234323273
bstack_axis777,0.95,1976.1385029627324,0.95,0.9499594921711421,0.9499594922017104,True,12582,6.704232327606875e-09,0,,,0.9519282470652074,0.00021794494717703377,-0.18586266569873813,-0.1858625254416409,3.056832564851675e-11,0.0019687548940653388
bstack_axis777,0.99,2655.5713754749595,0.99,0.9899511816146314,0.9899511814557104,True,16907,6.09184612853228e-09,0,,,0.9904329221505838,9.949874371066204e-05,-0.4906432337537209,-0.4906448309697415,1.5892098748082617e-10,0.00048174053595240185
bstack_axis777,0.999,3641.4625244870713,0.999,0.9990338029732238,0.9990338030464077,True,23184,6.288497179799845e-09,0,,,0.9990696061759221,3.1606961258558234e-05,1.06947874385103,1.0694810592872652,7.3183903381846e-11,3.5803202698359016e-05
