family,shape,d_nearest,theta_nearest,g2_identity_ok,theta_ge_60,nearest_class,all_element_class,agree
E7,"{""LAx"": 0.8, ""LAy"": 0.0, ""L1y"": 1.2, ""L2x"": 0.0, ""L2z"": 1.2}",0.8572167798893062,137.8953776241729,True,True,excluded,excluded,True
E2,"{""Lx"": 1.3, ""Ly"": 1.3, ""Lz"": 0.7}",0.9319998718453677,97.36683149011502,True,True,excluded,excluded,True
E7,"{""LAx"": 1.0, ""LAy"": 0.0, ""L1y"": 1.0, ""L2x"": 0.9, ""L2z"": 0.01}",0.13453624047073726,180.0,True,True,excluded,excluded,True
E7,"{""LAx"": 0.9245397725916278, ""LAy"": 0.0, ""L1y"": 0.8773123987904075, ""L2x"": -0.594169241091782, ""L2z"": 0.22507885514446227}",0.4928971374029221,108.39418370122289,True,True,excluded,excluded,True
E7,"{""LAx"": 0.8880109692011284, ""LAy"": 0.0, ""L1y"": 1.0681113953686445, ""L2x"": -0.47715338489535, ""L2z"": 0.3398205007943096}",0.5857929032321793,180.0,True,True,excluded,excluded,True
E7,"{""LAx"": 0.9449261723312243, ""LAy"": 0.0, ""L1y"": 0.7236297036023476, ""L2x"": -0.13564491097486164, ""L2z"": 0.4840625851893814}",0.5027087907065135,180.0,True,True,excluded,excluded,True
E7,"{""LAx"": 0.3574683778293228, ""LAy"": 0.0, ""L1y"": 0.7091995493204023, ""L2x"": -0.31767475264051603, ""L2z"": 0.5279844286196619}",0.3669847308830137,153.84697816549425,True,True,excluded,excluded,True
E7,"{""LAx"": 0.786268037400031, ""LAy"": 0.0, ""L1y"": 0.9152307228649961, ""L2x"": 0.19960380348516682, ""L2z"": 0.9169748992774289}",0.7868349387971103,175.64983579961796,True,True,excluded,excluded,True
E7,"{""LAx"": 0.31639562020087203, ""LAy"": 0.0, ""L1y"": 0.8888314347589115, ""L2x"": 0.06730007800874438, ""L2z"": 1.036475114394807}",0.3971422516558793,105.62860825037853,True,True,excluded,excluded,True
E7,"{""LAx"": 1.1451263213064167, ""LAy"": 0.0, ""L1y"": 0.31154080662375666, ""L2x"": 0.5253252767837422, ""L2z"": 0.3786562797509925}",0.31154080662375666,180.0,True,True,excluded,excluded,True
E7,"{""LAx"": 0.8622371907011419, ""LAy"": 0.0, ""L1y"": 0.9879765241664311, ""L2x"": 0.555193958432713, ""L2z"": 1.1346632085834398}",0.8734811770029441,161.59363697265198,True,True,excluded,excluded,True
E7,"{""LAx"": 0.8712349026316464, ""LAy"": 0.0, ""L1y"": 1.0732876841874726, ""L2x"": -0.0036820225995898292, ""L2z"": 0.35669693455132223}",0.35671593797969575,180.0,True,True,excluded,excluded,True
E7,"{""LAx"": 0.44405206465468183, ""LAy"": 0.0, ""L1y"": 0.7480897004719566, ""L2x"": 0.39256544291551965, ""L2z"": 0.5942776112494661}",0.4509640757220529,159.9111470545877,True,True,excluded,excluded,True
E7,"{""LAx"": 0.913149817559878, ""LAy"": 0.0, ""L1y"": 0.41278390789779895, ""L2x"": 0.75473802251609, ""L2z"": 0.6212884429308093}",0.41278390789779895,180.0,True,True,excluded,excluded,True
E7,"{""LAx"": 1.0441526293843388, ""LAy"": 0.0, ""L1y"": 0.9560331179163517, ""L2x"": 0.4490933302912188, ""L2z"": 0.5215890621549967}",0.6882877080638493,180.0,True,True,excluded,excluded,True
E7,"{""LAx"": 0.39953951448424874, ""LAy"": 0.0, ""L1y"": 0.7097833100845354, ""L2x"": -0.26992860637839555, ""L2z"": 0.5384989293296475}",0.5171120292978645,101.18243662117936,True,True,excluded,excluded,True
E7,"{""LAx"": 1.1932009008874283, ""LAy"": 0.0, ""L1y"": 0.5781245826156829, ""L2x"": 0.4520172269039713, ""L2z"": 0.2829974315089534}",0.5332983401986369,180.0,True,True,excluded,excluded,True
E7,"{""LAx"": 0.8343208740440602, ""LAy"": 0.0, ""L1y"": 0.6120382130131817, ""L2x"": -0.41219220568016957, ""L2z"": 0.5318894583587052}",0.6120382130131817,180.0,True,True,excluded,excluded,True
E7,"{""LAx"": 1.1408953388531322, ""LAy"": 0.0, ""L1y"": 0.8205233918629371, ""L2x"": 0.029080518563099345, ""L2z"": 0.9839554615224286}",0.8205233918629371,180.0,True,True,excluded,excluded,True
E7,"{""LAx"": 0.7533347294682418, ""LAy"": 0.0, ""L1y"": 0.4013610739550553, ""L2x"": -0.5901765218414913, ""L2z"": 0.8902888641960753}",0.4013610739550553,180.0,True,True,excluded,excluded,True
E7,"{""LAx"": 0.7201103451139489, ""LAy"": 0.0, ""L1y"": 0.4879482749689392, ""L2x"": 0.7470195559788801, ""L2z"": 0.39739010176181055}",0.438249439099046,130.69202460943964,True,True,excluded,excluded,True
E7,"{""LAx"": 1.004496365273797, ""LAy"": 0.0, ""L1y"": 0.5851612242741657, ""L2x"": 0.393856222016844, ""L2z"": 0.6801664300442889}",0.5851612242741657,180.0,True,True,excluded,excluded,True
E7,"{""LAx"": 0.33284000784722795, ""LAy"": 0.0, ""L1y"": 0.9415512467943228, ""L2x"": -0.33275474318847903, ""L2z"": 0.5778917189532732}",0.5765158399801547,70.52596341574166,True,True,excluded,excluded,True
E7,"{""LAx"": 0.9423865589522233, ""LAy"": 0.0, ""L1y"": 1.1957617036372958, ""L2x"": -0.08479986454284028, ""L2z"": 0.8395532061850279}",0.8438249836559972,180.0,True,True,excluded,excluded,True
E7,"{""LAx"": 0.7370744071274365, ""LAy"": 0.0, ""L1y"": 0.8996057117369469, ""L2x"": -0.5456706599118217, ""L2z"": 1.1933638525684853}",0.7415834581569344,167.35698994586335,True,True,excluded,excluded,True
E7,"{""LAx"": 0.4295160696873797, ""LAy"": 0.0, ""L1y"": 0.9007760182667082, ""L2x"": -0.6945435268367535, ""L2z"": 0.19609420739633723}",0.2559481233161829,180.0,True,True,excluded,excluded,True
E7,"{""LAx"": 1.0863272720347474, ""LAy"": 0.0, ""L1y"": 0.9746835400971399, ""L2x"": -0.6458198237904551, ""L2z"": 0.40922593774109317}",0.7481914377011021,106.95377470803277,True,True,excluded,excluded,True
E7,"{""LAx"": 0.36315298412944785, ""LAy"": 0.0, ""L1y"": 1.1419861686980575, ""L2x"": 0.5545680606519217, ""L2z"": 0.9544478400038254}",0.6128890754219036,72.672996038765,True,True,excluded,excluded,True
E7,"{""LAx"": 0.928593868834658, ""LAy"": 0.0, ""L1y"": 0.9051790255050312, ""L2x"": -0.7474970787843571, ""L2z"": 0.16223796700844556}",0.48628059926571704,180.0,True,True,excluded,excluded,True
E7,"{""LAx"": 0.5708118585749017, ""LAy"": 0.0, ""L1y"": 0.8192817720004457, ""L2x"": 0.5267105997863586, ""L2z"": 0.5869755484365461}",0.6215132058933944,133.39315009236418,True,True,excluded,excluded,True
E7,"{""LAx"": 0.5242676217272446, ""LAy"": 0.0, ""L1y"": 0.8709808644669765, ""L2x"": 0.7230044673883724, ""L2z"": 0.634004584525794}",0.5390512249792335,153.10073970963185,True,True,excluded,excluded,True
E7,"{""LAx"": 0.8059073378060024, ""LAy"": 0.0, ""L1y"": 0.560908610691071, ""L2x"": 0.40555724108050795, ""L2z"": 0.2609055135886035}",0.4822326853436691,180.0,True,True,excluded,excluded,True
E7,"{""LAx"": 0.9026065448137865, ""LAy"": 0.0, ""L1y"": 0.4967087402925811, ""L2x"": 0.2806625156142759, ""L2z"": 0.652195314968143}",0.4967087402925811,180.0,True,True,excluded,excluded,True
E7,"{""LAx"": 1.0424221136876775, ""LAy"": 0.0, ""L1y"": 0.8097890673619668, ""L2x"": 0.6514250368036072, ""L2z"": 0.5959582501411697}",0.719345499990856,164.4973959021223,True,True,excluded,excluded,True
E7,"{""LAx"": 0.3135805374530455, ""LAy"": 0.0, ""L1y"": 1.1777246870078923, ""L2x"": 0.4298684791621772, ""L2z"": 1.0046696370172232}",0.6128731368856483,61.5484658875466,True,True,excluded,excluded,True
E7,"{""LAx"": 1.0450788762878351, ""LAy"": 0.0, ""L1y"": 0.4136402593686825, ""L2x"": 0.5991105518882873, ""L2z"": 0.192517430958571}",0.4136402593686825,180.0,True,True,excluded,excluded,True
E7,"{""LAx"": 0.5780721431499611, ""LAy"": 0.0, ""L1y"": 0.44407478931409805, ""L2x"": -0.02733293488618216, ""L2z"": 0.3086274439631811}",0.3098354216301596,179.99999914622634,True,True,excluded,excluded,True
E7,"{""LAx"": 0.4900586156841551, ""LAy"": 0.0, ""L1y"": 0.8213313382478595, ""L2x"": -0.5417375078476236, ""L2z"": 0.6301282664390336}",0.4958935056178916,162.40389632689357,True,True,excluded,excluded,True
E7,"{""LAx"": 0.9245034477202447, ""LAy"": 0.0, ""L1y"": 0.31408010700751243, ""L2x"": 0.6149506380242149, ""L2z"": 0.929913488369563}",0.31408010700751243,180.0,True,True,excluded,excluded,True
E7,"{""LAx"": 0.976667637737485, ""LAy"": 0.0, ""L1y"": 0.9516180623101733, ""L2x"": 0.7378666640553084, ""L2z"": 0.2586100144548643}",0.36127040985925546,153.98648277474538,True,True,excluded,excluded,True
E7,"{""LAx"": 0.3744477259933675, ""LAy"": 0.0, ""L1y"": 0.9657436935887365, ""L2x"": -0.7709079082627266, ""L2z"": 0.7930317520611653}",0.6067475643760115,76.21505137208732,True,True,excluded,excluded,True
E7,"{""LAx"": 0.8612922880946381, ""LAy"": 0.0, ""L1y"": 1.1317478011727005, ""L2x"": -0.6434554563605936, ""L2z"": 0.4873158332456966}",0.6219302617017443,118.24717783134527,True,True,excluded,excluded,True
E7,"{""LAx"": 0.9837015656467902, ""LAy"": 0.0, ""L1y"": 0.6137130665778783, ""L2x"": -0.33372885933890706, ""L2z"": 0.2973704975218493}",0.4469945909650811,180.0,True,True,excluded,excluded,True
E2,"{""Lx"": 0.32017608161526384, ""Ly"": 0.8290137827635886, ""Lz"": 0.2703288499823351}",0.2941309186129261,133.58292192534512,True,True,excluded,excluded,True
E2,"{""Lx"": 0.7691866021958584, ""Ly"": 1.0336030352051304, ""Lz"": 0.6606074548091903}",0.7691866021958584,180.0,True,True,excluded,excluded,True
E2,"{""Lx"": 0.9082263877734431, ""Ly"": 1.2529821723207941, ""Lz"": 0.39754660074305537}",0.6425463113077217,76.44325316624206,True,True,excluded,excluded,True
E2,"{""Lx"": 0.9435026764354848, ""Ly"": 0.9694787182846032, ""Lz"": 0.7595718288564022}",0.8550763367405418,125.32298792240253,True,True,excluded,excluded,True
E2,"{""Lx"": 0.6412096877645894, ""Ly"": 0.4627568858480609, ""Lz"": 0.6153760838053571}",0.4627568858480609,180.0,True,True,excluded,excluded,True
E2,"{""Lx"": 0.853792160943275, ""Ly"": 1.2725555093109688, ""Lz"": 0.5007500674811889}",0.7411409447444944,85.00891360600343,True,True,excluded,excluded,True
E2,"{""Lx"": 1.159024593052353, ""Ly"": 1.085557273507275, ""Lz"": 0.6039027229734745}",0.781279997918467,101.24193553909183,True,True,excluded,excluded,True
E2,"{""Lx"": 0.8757702789221953, ""Ly"": 0.32673177416148963, ""Lz"": 1.2792808920510033}",0.32673177416148963,180.0,True,True,excluded,excluded,True
E2,"{""Lx"": 0.7925403622664906, ""Ly"": 0.453676515486051, ""Lz"": 1.0727364308879215}",0.453676515486051,180.0,True,True,excluded,excluded,True
E2,"{""Lx"": 1.1713925099253957, ""Ly"": 1.036505236153433, ""Lz"": 1.2813257242649772}",1.036505236153433,,True,True,no_circles,no_circles,True
E2,"{""Lx"": 0.5772718365351261, ""Ly"": 0.8536755147648969, ""Lz"": 0.6842364366688316}",0.5772718365351261,180.0,True,True,excluded,excluded,True
E2,"{""Lx"": 0.9383880726357099, ""Ly"": 0.5804954465728398, ""Lz"": 0.950059814019697}",0.5804954465728398,180.0,True,True,excluded,excluded,True
E2,"{""Lx"": 0.7676728025308548, ""Ly"": 0.6837244821157109, ""Lz"": 0.968762471354601}",0.6837244821157109,180.0,True,True,excluded,excluded,True
E2,"{""Lx"": 0.5721769484295078, ""Ly"": 0.6307869943107611, ""Lz"": 1.2975301159375463}",0.5721769484295078,180.0,True,True,excluded,excluded,True
E2,"{""Lx"": 0.6892849072310088, ""Ly"": 0.6381484472341257, ""Lz"": 1.2611057937357826}",0.6381484472341257,180.0,True,True,excluded,excluded,True
E2,"{""Lx"": 1.2370263682224036, ""Ly"": 1.2200384786214455, ""Lz"": 0.30802910747335643}",0.553799518867002,67.58826314366637,True,True,excluded,excluded,True
E2,"{""Lx"": 1.1044045532757472, ""Ly"": 0.5102963239729004, ""Lz"": 0.9136841563865594}",0.5102963239729004,180.0,True,True,excluded,excluded,True
E2,"{""Lx"": 1.1562013259115425, ""Ly"": 1.04670259362844, ""Lz"": 0.2650278557884669}",0.5300557115769338,180.0,True,True,excluded,excluded,True
E2,"{""Lx"": 0.8942920442637265, ""Ly"": 0.4710700657865921, ""Lz"": 1.110871369675469}",0.4710700657865921,180.0,True,True,excluded,excluded,True
E2,"{""Lx"": 0.5266416066683657, ""Ly"": 0.5058911594782314, ""Lz"": 0.5907722301475247}",0.5058911594782314,180.0,True,True,excluded,excluded,True
E2,"{""Lx"": 0.8511438542031178, ""Ly"": 1.203118715477525, ""Lz"": 0.39646926143710304}",0.4504395452038341,123.32890970371253,True,True,excluded,excluded,True
E2,"{""Lx"": 1.1402962845494968, ""Ly"": 0.7209292479574327, ""Lz"": 1.29342099587996}",0.7209292479574327,180.0,True,True,excluded,excluded,True
E2,"{""Lx"": 0.9361003667330066, ""Ly"": 0.5211457871091036, ""Lz"": 0.759099144182628}",0.5211457871091036,180.0,True,True,excluded,excluded,True
E2,"{""Lx"": 1.0419791373572342, ""Ly"": 1.1312003882435642, ""Lz"": 0.7138450971546881}",0.7294224942123205,156.27526168839054,True,True,excluded,excluded,True
E2,"{""Lx"": 0.6776965298230173, ""Ly"": 1.0361816878006862, ""Lz"": 0.31176468711393795}",0.4870977276546407,79.59041821433954,True,True,excluded,excluded,True
E2,"{""Lx"": 1.0057596653213183, ""Ly"": 0.6958752212087089, ""Lz"": 0.9643583852153463}",0.6958752212087089,180.0,True,True,excluded,excluded,True
E2,"{""Lx"": 0.3874120742759259, ""Ly"": 0.5523770199578857, ""Lz"": 0.5170941558366349}",0.3874120742759259,180.0,True,True,excluded,excluded,True
E2,"{""Lx"": 0.6043055867035556, ""Ly"": 1.2674682561397024, ""Lz"": 1.1394076854348671}",0.6043055867035556,180.0,True,True,excluded,excluded,True
E2,"{""Lx"": 0.38668230670066345, ""Ly"": 0.8771735655811645, ""Lz"": 1.2459278238930405}",0.38668230670066345,180.0,True,True,excluded,excluded,True
E2,"{""Lx"": 1.1105962654289663, ""Ly"": 0.34978625012358294, ""Lz"": 1.014157557504424}",0.34978625012358294,180.0,True,True,excluded,excluded,True
E8,"{""LAx"": 1.002559389205512, ""LAy"": 0.0, ""LBx"": 0.0, ""LBz"": 0.8233640412375589, ""LCy"": 1.1119717671691935}",0.8818348263596519,138.03638741671415,True,True,excluded,excluded,True
E8,"{""LAx"": 0.6934675561080571, ""LAy"": 0.0, ""LBx"": 0.0, ""LBz"": 0.8350740799987659, ""LCy"": 0.4652362014194267}",0.4652362014194267,180.0,True,True,excluded,excluded,True
E8,"{""LAx"": 0.5520476336076419, ""LAy"": 0.0, ""LBx"": 0.0, ""LBz"": 0.7773154989293385, ""LCy"": 0.5592767287729434}",0.5592767287729434,180.0,True,True,excluded,excluded,True
E8,"{""LAx"": 0.366109629086501, ""LAy"": 0.0, ""LBx"": 0.0, ""LBz"": 0.5265573238271641, ""LCy"": 0.7381777585237637}",0.5108898987742722,91.55086399283886,True,True,excluded,excluded,True
E8,"{""LAx"": 0.715984960581271, ""LAy"": 0.0, ""LBx"": 0.0, ""LBz"": 0.9712723775480359, ""LCy"": 0.4691113822007029}",0.4691113822007029,180.0,True,True,excluded,excluded,True
E8,"{""LAx"": 1.077377056563334, ""LAy"": 0.0, ""LBx"": 0.0, ""LBz"": 1.1049511996483576, ""LCy"": 0.9230054481915251}",0.9230054481915251,180.0,True,True,excluded,excluded,True
E8,"{""LAx"": 1.0959786278283055, ""LAy"": 0.0, ""LBx"": 0.0, ""LBz"": 0.9763177308329658, ""LCy"": 0.830307773607514}",0.830307773607514,180.0,True,True,excluded,excluded,True
E8,"{""LAx"": 0.42854140841732613, ""LAy"": 0.0, ""LBx"": 0.0, ""LBz"": 1.1700513969583524, ""LCy"": 0.8002023223689367}",0.4516539898600793,143.18213745287306,True,True,excluded,excluded,True
E8,"{""LAx"": 0.9704299853507485, ""LAy"": 0.0, ""LBx"": 0.0, ""LBz"": 0.5816825260973075, ""LCy"": 1.1725324303760853}",0.6584959394212023,124.0983526040759,True,True,excluded,excluded,True
E8,"{""LAx"": 0.4328963627322481, ""LAy"": 0.0, ""LBx"": 0.0, ""LBz"": 0.3183826208380193, ""LCy"": 0.3570165794390009}",0.3184059188288639,178.61375835031512,True,True,excluded,excluded,True
E8,"{""LAx"": 0.8330608554015613, ""LAy"": 0.0, ""LBx"": 0.0, ""LBz"": 0.4549417892083141, ""LCy"": 0.9346147691643367}",0.48528180732735077,139.26500952524003,True,True,excluded,excluded,True
E8,"{""LAx"": 1.1568461574551274, ""LAy"": 0.0, ""LBx"": 0.0, ""LBz"": 0.5127548272605269, ""LCy"": 0.5525117507152653}",0.5128616084662988,177.66158021588046,True,True,excluded,excluded,True
E8,"{""LAx"": 0.9351777142968367, ""LAy"": 0.0, ""LBx"": 0.0, ""LBz"": 0.7186101380712924, ""LCy"": 0.3235015606598292}",0.3235015606598292,180.0,True,True,excluded,excluded,True
E8,"{""LAx"": 0.9019790756967823, ""LAy"": 0.0, ""LBx"": 0.0, ""LBz"": 0.5093821378213463, ""LCy"": 0.8042644933714189}",0.6455793575707995,104.19010125409334,True,True,excluded,excluded,True
E8,"{""LAx"": 1.026769562236927, ""LAy"": 0.0, ""LBx"": 0.0, ""LBz"": 0.8155250995880088, ""LCy"": 0.7992853995982194}",0.7992853995982194,180.0,True,True,excluded,excluded,True
E8,"{""LAx"": 0.6478525112407985, ""LAy"": 0.0, ""LBx"": 0.0, ""LBz"": 0.3519553576081155, ""LCy"": 1.1800700929897565}",0.36559625998649875,148.59867445861659,True,True,excluded,excluded,True
E8,"{""LAx"": 0.5281620937962396, ""LAy"": 0.0, ""LBx"": 0.0, ""LBz"": 0.5745483032385112, ""LCy"": 0.9438819803062597}",0.6024319318767732,144.99921445279858,True,True,excluded,excluded,True
E8,"{""LAx"": 0.9789739285365344, ""LAy"": 0.0, ""LBx"": 0.0, ""LBz"": 0.6720511340002769, ""LCy"": 0.9722587780410645}",0.7022930494091164,146.24920605827847,True,True,excluded,excluded,True
E8,"{""LAx"": 1.0576975708573946, ""LAy"": 0.0, ""LBx"": 0.0, ""LBz"": 0.9058602659982584, ""LCy"": 0.9247143229905044}",0.9247143229905044,180.0,True,True,excluded,excluded,True
E8,"{""LAx"": 0.7904631009179433, ""LAy"": 0.0, ""LBx"": 0.0, ""LBz"": 1.1287731559025285, ""LCy"": 0.8120868464317628}",0.8120868464317628,180.0,True,True,excluded,excluded,True
E8,"{""LAx"": 1.047089469471528, ""LAy"": 0.0, ""LBx"": 0.0, ""LBz"": 1.1020417216345246, ""LCy"": 0.5213633387212483}",0.5213633387212483,180.0,True,True,excluded,excluded,True
E8,"{""LAx"": 0.848388952595369, ""LAy"": 0.0, ""LBx"": 0.0, ""LBz"": 0.7835715672765036, ""LCy"": 0.728143163025947}",0.728143163025947,180.0,True,True,excluded,excluded,True
E8,"{""LAx"": 0.7902907819434322, ""LAy"": 0.0, ""LBx"": 0.0, ""LBz"": 1.1644551353099375, ""LCy"": 0.735246566225785}",0.735246566225785,180.0,True,True,excluded,excluded,True
E8,"{""LAx"": 0.9783545895794059, ""LAy"": 0.0, ""LBx"": 0.0, ""LBz"": 0.5536394172326466, ""LCy"": 0.39686055521230656}",0.39686055521230656,180.0,True,True,excluded,excluded,True
E8,"{""LAx"": 0.6302251026648624, ""LAy"": 0.0, ""LBx"": 0.0, ""LBz"": 0.8048154506696561, ""LCy"": 1.1827119223360416}",0.800172962585479,103.92564326093809,True,True,excluded,excluded,True
E8,"{""LAx"": 0.8663906632658254, ""LAy"": 0.0, ""LBx"": 0.0, ""LBz"": 1.0431155846138367, ""LCy"": 1.1594209512073734}",0.9320789249165649,136.72178388766858,True,True,excluded,excluded,True
E8,"{""LAx"": 0.5125434036719134, ""LAy"": 0.0, ""LBx"": 0.0, ""LBz"": 0.8401946161333358, ""LCy"": 0.5309696396006035}",0.5309696396006035,180.0,True,True,excluded,excluded,True
E8,"{""LAx"": 0.7541686039485155, ""LAy"": 0.0, ""LBx"": 0.0, ""LBz"": 0.7861845470693722, ""LCy"": 0.31273049793605984}",0.31273049793605984,180.0,True,True,excluded,excluded,True
E8,"{""LAx"": 1.147259747818171, ""LAy"": 0.0, ""LBx"": 0.0, ""LBz"": 0.4234241371740654, ""LCy"": 0.9144676689153264}",0.750521062434596,68.6898425519368,True,True,excluded,excluded,True
E8,"{""LAx"": 0.93274152016218, ""LAy"": 0.0, ""LBx"": 0.0, ""LBz"": 1.176540084256167, ""LCy"": 0.45982682632370586}",0.45982682632370586,180.0,True,True,excluded,excluded,True
