family,size_id,L,point_index,is_frozen_anchor,observer_id,reduced_coords,r_obs_LLSS,d_clone,d_clone_proper,d_clone_improper,nearest_coset,nearest_element_type,nearest_alpha_deg,nearest_theta_deg,n_candidates_d_lt_1,exclusion_witness_exists,geometric_status,observational_status,prior_weight,shape
E2,L1.00,1.0,0,True,0,"[0.2452274712376159, 0.3429926323318836]","[0.245227, 0.342993, 0.74]",1.0,1.0,inf,id,translation,,,0,False,zero_radius_boundary,no_nondegenerate_circles,0.08333333333333333,"{""Lx"": 1.0, ""Ly"": 1.0, ""Lz"": 1.0}"
E2,L1.00,1.0,1,True,1,"[0.07150075549277313, 0.24162711619922894]","[0.071501, 0.241627, 0.74]",1.0,1.0,inf,id,translation,,,0,False,zero_radius_boundary,no_nondegenerate_circles,0.08333333333333333,"{""Lx"": 1.0, ""Ly"": 1.0, ""Lz"": 1.0}"
E2,L1.00,1.0,2,True,2,"[0.8951290935216393, 0.2514647338918028]","[0.895129, 0.251465, 0.74]",1.0,1.0,inf,id,translation,,,0,False,zero_radius_boundary,no_nondegenerate_circles,0.08333333333333333,"{""Lx"": 1.0, ""Ly"": 1.0, ""Lz"": 1.0}"
E2,L1.00,1.0,3,False,3,"[0.46640000000000004, 0.9629000000000001]","[0.4664, 0.9629, 0.74]",1.0,1.0,inf,id,translation,,,0,False,zero_radius_boundary,no_nondegenerate_circles,0.08333333333333333,"{""Lx"": 1.0, ""Ly"": 1.0, ""Lz"": 1.0}"
E2,L1.00,1.0,4,False,4,"[0.4198, 0.6301]","[0.4198, 0.6301, 0.74]",1.0,1.0,inf,id,translation,,,0,False,zero_radius_boundary,no_nondegenerate_circles,0.08333333333333333,"{""Lx"": 1.0, ""Ly"": 1.0, ""Lz"": 1.0}"
E2,L1.00,1.0,5,False,5,"[0.1986, 0.0026000000000000003]","[0.1986, 0.0026, 0.74]",1.0,1.0,inf,id,translation,,,0,False,zero_radius_boundary,no_nondegenerate_circles,0.08333333333333333,"{""Lx"": 1.0, ""Ly"": 1.0, ""Lz"": 1.0}"
E2,L1.00,1.0,6,False,6,"[0.05, 0.5025000000000001]","[0.05, 0.5025, 0.74]",1.0,1.0,inf,id,translation,,,0,False,zero_radius_boundary,no_nondegenerate_circles,0.08333333333333333,"{""Lx"": 1.0, ""Ly"": 1.0, ""Lz"": 1.0}"
E2,L1.00,1.0,7,False,7,"[0.3522, 0.155]","[0.3522, 0.155, 0.74]",1.0,1.0,inf,id,translation,,,0,False,zero_radius_boundary,no_nondegenerate_circles,0.08333333333333333,"{""Lx"": 1.0, ""Ly"": 1.0, ""Lz"": 1.0}"
E2,L1.00,1.0,8,False,8,"[0.30960000000000004, 0.8153]","[0.3096, 0.8153, 0.74]",1.0,1.0,inf,id,translation,,,0,False,zero_radius_boundary,no_nondegenerate_circles,0.08333333333333333,"{""Lx"": 1.0, ""Ly"": 1.0, ""Lz"": 1.0}"
E2,L1.00,1.0,9,False,9,"[0.0007, 0.9500000000000001]","[0.0007, 0.95, 0.74]",1.0,1.0,inf,id,translation,,,0,False,zero_radius_boundary,no_nondegenerate_circles,0.08333333333333333,"{""Lx"": 1.0, ""Ly"": 1.0, ""Lz"": 1.0}"
E2,L1.00,1.0,10,False,10,"[0.22590000000000002, 0.5924]","[0.2259, 0.5924, 0.74]",1.0,1.0,inf,id,translation,,,0,False,zero_radius_boundary,no_nondegenerate_circles,0.08333333333333333,"{""Lx"": 1.0, ""Ly"": 1.0, ""Lz"": 1.0}"
E2,L1.00,1.0,11,False,11,"[0.4058, 0.442]","[0.4058, 0.442, 0.74]",1.0,1.0,inf,id,translation,,,0,False,zero_radius_boundary,no_nondegenerate_circles,0.08333333333333333,"{""Lx"": 1.0, ""Ly"": 1.0, ""Lz"": 1.0}"
E2,L1.20,1.2,0,True,0,"[0.2452274712376159, 0.3429926323318836]","[0.294273, 0.411591, 0.888]",1.2,1.2,inf,id,translation,,,0,False,no_nondegenerate_circles,no_nondegenerate_circles,0.08333333333333333,"{""Lx"": 1.2, ""Ly"": 1.2, ""Lz"": 1.2}"
E2,L1.20,1.2,1,True,1,"[0.07150075549277313, 0.24162711619922894]","[0.085801, 0.289953, 0.888]",1.2,1.2,inf,id,translation,,,0,False,no_nondegenerate_circles,no_nondegenerate_circles,0.08333333333333333,"{""Lx"": 1.2, ""Ly"": 1.2, ""Lz"": 1.2}"
E2,L1.20,1.2,2,True,2,"[0.8951290935216393, 0.2514647338918028]","[1.074155, 0.301758, 0.888]",1.2,1.2,inf,id,translation,,,0,False,no_nondegenerate_circles,no_nondegenerate_circles,0.08333333333333333,"{""Lx"": 1.2, ""Ly"": 1.2, ""Lz"": 1.2}"
E2,L1.20,1.2,3,False,3,"[0.46640000000000004, 0.9629000000000001]","[0.55968, 1.15548, 0.888]",1.2,1.2,inf,id,translation,,,0,False,no_nondegenerate_circles,no_nondegenerate_circles,0.08333333333333333,"{""Lx"": 1.2, ""Ly"": 1.2, ""Lz"": 1.2}"
E2,L1.20,1.2,4,False,4,"[0.4198, 0.6301]","[0.50376, 0.75612, 0.888]",1.2,1.2,inf,id,translation,,,0,False,no_nondegenerate_circles,no_nondegenerate_circles,0.08333333333333333,"{""Lx"": 1.2, ""Ly"": 1.2, ""Lz"": 1.2}"
E2,L1.20,1.2,5,False,5,"[0.1986, 0.0026000000000000003]","[0.23832, 0.00312, 0.888]",1.2,1.2,inf,id,translation,,,0,False,no_nondegenerate_circles,no_nondegenerate_circles,0.08333333333333333,"{""Lx"": 1.2, ""Ly"": 1.2, ""Lz"": 1.2}"
E2,L1.20,1.2,6,False,6,"[0.05, 0.5025000000000001]","[0.06, 0.603, 0.888]",1.2,1.2,inf,id,translation,,,0,False,no_nondegenerate_circles,no_nondegenerate_circles,0.08333333333333333,"{""Lx"": 1.2, ""Ly"": 1.2, ""Lz"": 1.2}"
E2,L1.20,1.2,7,False,7,"[0.3522, 0.155]","[0.42264, 0.186, 0.888]",1.2,1.2,inf,id,translation,,,0,False,no_nondegenerate_circles,no_nondegenerate_circles,0.08333333333333333,"{""Lx"": 1.2, ""Ly"": 1.2, ""Lz"": 1.2}"
E2,L1.20,1.2,8,False,8,"[0.30960000000000004, 0.8153]","[0.37152, 0.97836, 0.888]",1.2,1.2,inf,id,translation,,,0,False,no_nondegenerate_circles,no_nondegenerate_circles,0.08333333333333333,"{""Lx"": 1.2, ""Ly"": 1.2, ""Lz"": 1.2}"
E2,L1.20,1.2,9,False,9,"[0.0007, 0.9500000000000001]","[0.00084, 1.14, 0.888]",1.2,1.2,inf,id,translation,,,0,False,no_nondegenerate_circles,no_nondegenerate_circles,0.08333333333333333,"{""Lx"": 1.2, ""Ly"": 1.2, ""Lz"": 1.2}"
E2,L1.20,1.2,10,False,10,"[0.22590000000000002, 0.5924]","[0.27108, 0.71088, 0.888]",1.2,1.2,inf,id,translation,,,0,False,no_nondegenerate_circles,no_nondegenerate_circles,0.08333333333333333,"{""Lx"": 1.2, ""Ly"": 1.2, ""Lz"": 1.2}"
E2,L1.20,1.2,11,False,11,"[0.4058, 0.442]","[0.48696, 0.5304, 0.888]",1.2,1.2,inf,id,translation,,,0,False,no_nondegenerate_circles,no_nondegenerate_circles,0.08333333333333333,"{""Lx"": 1.2, ""Ly"": 1.2, ""Lz"": 1.2}"
E2,L1.50,1.5,0,True,0,"[0.2452274712376159, 0.3429926323318836]","[0.367841, 0.514489, 1.11]",1.5,1.5,inf,id,translation,,,0,False,no_nondegenerate_circles,no_nondegenerate_circles,0.08333333333333333,"{""Lx"": 1.5, ""Ly"": 1.5, ""Lz"": 1.5}"
E2,L1.50,1.5,1,True,1,"[0.07150075549277313, 0.24162711619922894]","[0.107251, 0.362441, 1.11]",1.5,1.5,inf,id,translation,,,0,False,no_nondegenerate_circles,no_nondegenerate_circles,0.08333333333333333,"{""Lx"": 1.5, ""Ly"": 1.5, ""Lz"": 1.5}"
E2,L1.50,1.5,2,True,2,"[0.8951290935216393, 0.2514647338918028]","[1.342694, 0.377197, 1.11]",1.5,1.5,inf,id,translation,,,0,False,no_nondegenerate_circles,no_nondegenerate_circles,0.08333333333333333,"{""Lx"": 1.5, ""Ly"": 1.5, ""Lz"": 1.5}"
E2,L1.50,1.5,3,False,3,"[0.46640000000000004, 0.9629000000000001]","[0.6996, 1.44435, 1.11]",1.5,1.5,inf,id,translation,,,0,False,no_nondegenerate_circles,no_nondegenerate_circles,0.08333333333333333,"{""Lx"": 1.5, ""Ly"": 1.5, ""Lz"": 1.5}"
E2,L1.50,1.5,4,False,4,"[0.4198, 0.6301]","[0.6297, 0.94515, 1.11]",1.5,1.5,inf,id,translation,,,0,False,no_nondegenerate_circles,no_nondegenerate_circles,0.08333333333333333,"{""Lx"": 1.5, ""Ly"": 1.5, ""Lz"": 1.5}"
E2,L1.50,1.5,5,False,5,"[0.1986, 0.0026000000000000003]","[0.2979, 0.0039, 1.11]",1.5,1.5,inf,id,translation,,,0,False,no_nondegenerate_circles,no_nondegenerate_circles,0.08333333333333333,"{""Lx"": 1.5, ""Ly"": 1.5, ""Lz"": 1.5}"
E2,L1.50,1.5,6,False,6,"[0.05, 0.5025000000000001]","[0.075, 0.75375, 1.11]",1.5,1.5,inf,id,translation,,,0,False,no_nondegenerate_circles,no_nondegenerate_circles,0.08333333333333333,"{""Lx"": 1.5, ""Ly"": 1.5, ""Lz"": 1.5}"
E2,L1.50,1.5,7,False,7,"[0.3522, 0.155]","[0.5283, 0.2325, 1.11]",1.5,1.5,inf,id,translation,,,0,False,no_nondegenerate_circles,no_nondegenerate_circles,0.08333333333333333,"{""Lx"": 1.5, ""Ly"": 1.5, ""Lz"": 1.5}"
E2,L1.50,1.5,8,False,8,"[0.30960000000000004, 0.8153]","[0.4644, 1.22295, 1.11]",1.5,1.5,inf,id,translation,,,0,False,no_nondegenerate_circles,no_nondegenerate_circles,0.08333333333333333,"{""Lx"": 1.5, ""Ly"": 1.5, ""Lz"": 1.5}"
E2,L1.50,1.5,9,False,9,"[0.0007, 0.9500000000000001]","[0.00105, 1.425, 1.11]",1.5,1.5,inf,id,translation,,,0,False,no_nondegenerate_circles,no_nondegenerate_circles,0.08333333333333333,"{""Lx"": 1.5, ""Ly"": 1.5, ""Lz"": 1.5}"
E2,L1.50,1.5,10,False,10,"[0.22590000000000002, 0.5924]","[0.33885, 0.8886, 1.11]",1.5,1.5,inf,id,translation,,,0,False,no_nondegenerate_circles,no_nondegenerate_circles,0.08333333333333333,"{""Lx"": 1.5, ""Ly"": 1.5, ""Lz"": 1.5}"
E2,L1.50,1.5,11,False,11,"[0.4058, 0.442]","[0.6087, 0.663, 1.11]",1.5,1.5,inf,id,translation,,,0,False,no_nondegenerate_circles,no_nondegenerate_circles,0.08333333333333333,"{""Lx"": 1.5, ""Ly"": 1.5, ""Lz"": 1.5}"
E7,L1.00,1.0,0,True,0,[0.11278702805018147],"[0.31, 0.112787, 0.42]",1.0,1.0,1.025126165301408,id,translation,,,0,False,zero_radius_boundary,no_nondegenerate_circles,0.08333333333333333,"{""LAx"": 1.0, ""LAy"": 0.0, ""L1y"": 1.0, ""L2x"": 0.0, ""L2z"": 1.0}"
E7,L1.00,1.0,1,True,1,[0.04504442885635738],"[0.31, 0.045044, 0.42]",1.0,1.0,1.0040498006991394,id,translation,,,0,False,zero_radius_boundary,no_nondegenerate_circles,0.08333333333333333,"{""LAx"": 1.0, ""LAy"": 0.0, ""L1y"": 1.0, ""L2x"": 0.0, ""L2z"": 1.0}"
E7,L1.00,1.0,2,True,2,[0.17608175443077442],"[0.31, 0.176082, 0.42]",1.0,1.0,1.0601976876854988,id,translation,,,0,False,zero_radius_boundary,no_nondegenerate_circles,0.08333333333333333,"{""LAx"": 1.0, ""LAy"": 0.0, ""L1y"": 1.0, ""L2x"": 0.0, ""L2z"": 1.0}"
E7,L1.00,1.0,3,False,3,[0.23],"[0.31, 0.23, 0.42]",1.0,1.0,1.100727032465361,id,translation,,,0,False,zero_radius_boundary,no_nondegenerate_circles,0.08333333333333333,"{""LAx"": 1.0, ""LAy"": 0.0, ""L1y"": 1.0, ""L2x"": 0.0, ""L2z"": 1.0}"
E7,L1.00,1.0,4,False,4,[0.0789],"[0.31, 0.0789, 0.42]",1.0,1.0,1.0123738637479733,id,translation,,,0,False,zero_radius_boundary,no_nondegenerate_circles,0.08333333333333333,"{""LAx"": 1.0, ""LAy"": 0.0, ""L1y"": 1.0, ""L2x"": 0.0, ""L2z"": 1.0}"
E7,L1.00,1.0,5,False,5,[0.1444],"[0.31, 0.1444, 0.42]",1.0,1.0,1.040867638078925,id,translation,,,0,False,zero_radius_boundary,no_nondegenerate_circles,0.08333333333333333,"{""LAx"": 1.0, ""LAy"": 0.0, ""L1y"": 1.0, ""L2x"": 0.0, ""L2z"": 1.0}"
E7,L1.00,1.0,6,False,6,[0.203],"[0.31, 0.203, 0.42]",1.0,1.0,1.0792756830393242,id,translation,,,0,False,zero_radius_boundary,no_nondegenerate_circles,0.08333333333333333,"{""LAx"": 1.0, ""LAy"": 0.0, ""L1y"": 1.0, ""L2x"": 0.0, ""L2z"": 1.0}"
E7,L1.00,1.0,7,False,7,[0.02],"[0.31, 0.02, 0.42]",1.0,1.0,1.0007996802557444,id,translation,,,0,False,zero_radius_boundary,no_nondegenerate_circles,0.08333333333333333,"{""LAx"": 1.0, ""LAy"": 0.0, ""L1y"": 1.0, ""L2x"": 0.0, ""L2z"": 1.0}"
E7,L1.00,1.0,8,False,8,[0.062],"[0.31, 0.062, 0.42]",1.0,1.0,1.007658672368774,id,translation,,,0,False,zero_radius_boundary,no_nondegenerate_circles,0.08333333333333333,"{""LAx"": 1.0, ""LAy"": 0.0, ""L1y"": 1.0, ""L2x"": 0.0, ""L2z"": 1.0}"
E7,L1.00,1.0,9,False,9,[0.09580000000000001],"[0.31, 0.0958, 0.42]",1.0,1.0,1.018189844773557,id,translation,,,0,False,zero_radius_boundary,no_nondegenerate_circles,0.08333333333333333,"{""LAx"": 1.0, ""LAy"": 0.0, ""L1y"": 1.0, ""L2x"": 0.0, ""L2z"": 1.0}"
E7,L1.00,1.0,10,False,10,[0.12860000000000002],"[0.31, 0.1286, 0.42]",1.0,1.0,1.032546289519264,id,translation,,,0,False,zero_radius_boundary,no_nondegenerate_circles,0.08333333333333333,"{""LAx"": 1.0, ""LAy"": 0.0, ""L1y"": 1.0, ""L2x"": 0.0, ""L2z"": 1.0}"
E7,L1.00,1.0,11,False,11,[0.1602],"[0.31, 0.1602, 0.42]",1.0,1.0,1.0500743592717612,id,translation,,,0,False,zero_radius_boundary,no_nondegenerate_circles,0.08333333333333333,"{""LAx"": 1.0, ""LAy"": 0.0, ""L1y"": 1.0, ""L2x"": 0.0, ""L2z"": 1.0}"
E7,L1.20,1.2,0,True,0,[0.11278702805018147],"[0.372, 0.135344, 0.504]",1.2,1.2,1.2301513983616896,id,translation,,,0,False,no_nondegenerate_circles,no_nondegenerate_circles,0.08333333333333333,"{""LAx"": 1.2, ""LAy"": 0.0, ""L1y"": 1.2, ""L2x"": 0.0, ""L2z"": 1.2}"
E7,L1.20,1.2,1,True,1,[0.04504442885635738],"[0.372, 0.054053, 0.504]",1.2,1.2,1.2048597608389675,id,translation,,,0,False,no_nondegenerate_circles,no_nondegenerate_circles,0.08333333333333333,"{""LAx"": 1.2, ""LAy"": 0.0, ""L1y"": 1.2, ""L2x"": 0.0, ""L2z"": 1.2}"
E7,L1.20,1.2,2,True,2,[0.17608175443077442],"[0.372, 0.211298, 0.504]",1.2,1.2,1.2722372252225984,id,translation,,,0,False,no_nondegenerate_circles,no_nondegenerate_circles,0.08333333333333333,"{""LAx"": 1.2, ""LAy"": 0.0, ""L1y"": 1.2, ""L2x"": 0.0, ""L2z"": 1.2}"
E7,L1.20,1.2,3,False,3,[0.23],"[0.372, 0.276, 0.504]",1.2,1.2,1.3208724389584332,id,translation,,,0,False,no_nondegenerate_circles,no_nondegenerate_circles,0.08333333333333333,"{""LAx"": 1.2, ""LAy"": 0.0, ""L1y"": 1.2, ""L2x"": 0.0, ""L2z"": 1.2}"
E7,L1.20,1.2,4,False,4,[0.0789],"[0.372, 0.09468, 0.504]",1.2,1.2,1.214848636497568,id,translation,,,0,False,no_nondegenerate_circles,no_nondegenerate_circles,0.08333333333333333,"{""LAx"": 1.2, ""LAy"": 0.0, ""L1y"": 1.2, ""L2x"": 0.0, ""L2z"": 1.2}"
E7,L1.20,1.2,5,False,5,[0.1444],"[0.372, 0.17328, 0.504]",1.2,1.2,1.24904116569471,id,translation,,,0,False,no_nondegenerate_circles,no_nondegenerate_circles,0.08333333333333333,"{""LAx"": 1.2, ""LAy"": 0.0, ""L1y"": 1.2, ""L2x"": 0.0, ""L2z"": 1.2}"
E7,L1.20,1.2,6,False,6,[0.203],"[0.372, 0.2436, 0.504]",1.2,1.2,1.2951308196471891,id,translation,,,0,False,no_nondegenerate_circles,no_nondegenerate_circles,0.08333333333333333,"{""LAx"": 1.2, ""LAy"": 0.0, ""L1y"": 1.2, ""L2x"": 0.0, ""L2z"": 1.2}"
E7,L1.20,1.2,7,False,7,[0.02],"[0.372, 0.024, 0.504]",1.2,1.2,1.2009596163068932,id,translation,,,0,False,no_nondegenerate_circles,no_nondegenerate_circles,0.08333333333333333,"{""LAx"": 1.2, ""LAy"": 0.0, ""L1y"": 1.2, ""L2x"": 0.0, ""L2z"": 1.2}"
E7,L1.20,1.2,8,False,8,[0.062],"[0.372, 0.0744, 0.504]",1.2,1.2,1.2091904068425285,id,translation,,,0,False,no_nondegenerate_circles,no_nondegenerate_circles,0.08333333333333333,"{""LAx"": 1.2, ""LAy"": 0.0, ""L1y"": 1.2, ""L2x"": 0.0, ""L2z"": 1.2}"
E7,L1.20,1.2,9,False,9,[0.09580000000000001],"[0.372, 0.11496, 0.504]",1.2,1.2,1.2218278137282683,id,translation,,,0,False,no_nondegenerate_circles,no_nondegenerate_circles,0.08333333333333333,"{""LAx"": 1.2, ""LAy"": 0.0, ""L1y"": 1.2, ""L2x"": 0.0, ""L2z"": 1.2}"
E7,L1.20,1.2,10,False,10,[0.12860000000000002],"[0.372, 0.15432, 0.504]",1.2,1.2,1.2390555474231169,id,translation,,,0,False,no_nondegenerate_circles,no_nondegenerate_circles,0.08333333333333333,"{""LAx"": 1.2, ""LAy"": 0.0, ""L1y"": 1.2, ""L2x"": 0.0, ""L2z"": 1.2}"
E7,L1.20,1.2,11,False,11,[0.1602],"[0.372, 0.19224, 0.504]",1.2,1.2,1.2600892311261136,id,translation,,,0,False,no_nondegenerate_circles,no_nondegenerate_circles,0.08333333333333333,"{""LAx"": 1.2, ""LAy"": 0.0, ""L1y"": 1.2, ""L2x"": 0.0, ""L2z"": 1.2}"
E7,L1.50,1.5,0,True,0,[0.11278702805018147],"[0.465, 0.169181, 0.63]",1.5,1.5,1.537689247952112,id,translation,,,0,False,no_nondegenerate_circles,no_nondegenerate_circles,0.08333333333333333,"{""LAx"": 1.5, ""LAy"": 0.0, ""L1y"": 1.5, ""L2x"": 0.0, ""L2z"": 1.5}"
E7,L1.50,1.5,1,True,1,[0.04504442885635738],"[0.465, 0.067567, 0.63]",1.5,1.5,1.5060747010487092,id,translation,,,0,False,no_nondegenerate_circles,no_nondegenerate_circles,0.08333333333333333,"{""LAx"": 1.5, ""LAy"": 0.0, ""L1y"": 1.5, ""L2x"": 0.0, ""L2z"": 1.5}"
E7,L1.50,1.5,2,True,2,[0.17608175443077442],"[0.465, 0.264123, 0.63]",1.5,1.5,1.590296531528248,id,translation,,,0,False,no_nondegenerate_circles,no_nondegenerate_circles,0.08333333333333333,"{""LAx"": 1.5, ""LAy"": 0.0, ""L1y"": 1.5, ""L2x"": 0.0, ""L2z"": 1.5}"
E7,L1.50,1.5,3,False,3,[0.23],"[0.465, 0.345, 0.63]",1.5,1.5,1.6510905486980416,id,translation,,,0,False,no_nondegenerate_circles,no_nondegenerate_circles,0.08333333333333333,"{""LAx"": 1.5, ""LAy"": 0.0, ""L1y"": 1.5, ""L2x"": 0.0, ""L2z"": 1.5}"
E7,L1.50,1.5,4,False,4,[0.0789],"[0.465, 0.11835, 0.63]",1.5,1.5,1.51856079562196,id,translation,,,0,False,no_nondegenerate_circles,no_nondegenerate_circles,0.08333333333333333,"{""LAx"": 1.5, ""LAy"": 0.0, ""L1y"": 1.5, ""L2x"": 0.0, ""L2z"": 1.5}"
E7,L1.50,1.5,5,False,5,[0.1444],"[0.465, 0.2166, 0.63]",1.5,1.5,1.5613014571183874,id,translation,,,0,False,no_nondegenerate_circles,no_nondegenerate_circles,0.08333333333333333,"{""LAx"": 1.5, ""LAy"": 0.0, ""L1y"": 1.5, ""L2x"": 0.0, ""L2z"": 1.5}"
E7,L1.50,1.5,6,False,6,[0.203],"[0.465, 0.3045, 0.63]",1.5,1.5,1.6189135245589863,id,translation,,,0,False,no_nondegenerate_circles,no_nondegenerate_circles,0.08333333333333333,"{""LAx"": 1.5, ""LAy"": 0.0, ""L1y"": 1.5, ""L2x"": 0.0, ""L2z"": 1.5}"
E7,L1.50,1.5,7,False,7,[0.02],"[0.465, 0.03, 0.63]",1.5,1.5,1.5011995203836164,id,translation,,,0,False,no_nondegenerate_circles,no_nondegenerate_circles,0.08333333333333333,"{""LAx"": 1.5, ""LAy"": 0.0, ""L1y"": 1.5, ""L2x"": 0.0, ""L2z"": 1.5}"
E7,L1.50,1.5,8,False,8,[0.062],"[0.465, 0.093, 0.63]",1.5,1.5,1.5114880085531608,id,translation,,,0,False,no_nondegenerate_circles,no_nondegenerate_circles,0.08333333333333333,"{""LAx"": 1.5, ""LAy"": 0.0, ""L1y"": 1.5, ""L2x"": 0.0, ""L2z"": 1.5}"
E7,L1.50,1.5,9,False,9,[0.09580000000000001],"[0.465, 0.1437, 0.63]",1.5,1.5,1.5272847671603356,id,translation,,,0,False,no_nondegenerate_circles,no_nondegenerate_circles,0.08333333333333333,"{""LAx"": 1.5, ""LAy"": 0.0, ""L1y"": 1.5, ""L2x"": 0.0, ""L2z"": 1.5}"
E7,L1.50,1.5,10,False,10,[0.12860000000000002],"[0.465, 0.1929, 0.63]",1.5,1.5,1.5488194342788961,id,translation,,,0,False,no_nondegenerate_circles,no_nondegenerate_circles,0.08333333333333333,"{""LAx"": 1.5, ""LAy"": 0.0, ""L1y"": 1.5, ""L2x"": 0.0, ""L2z"": 1.5}"
E7,L1.50,1.5,11,False,11,[0.1602],"[0.465, 0.2403, 0.63]",1.5,1.5,1.575111538907642,id,translation,,,0,False,no_nondegenerate_circles,no_nondegenerate_circles,0.08333333333333333,"{""LAx"": 1.5, ""LAy"": 0.0, ""L1y"": 1.5, ""L2x"": 0.0, ""L2z"": 1.5}"
E8,L1.00,1.0,0,True,0,"[0.21609142351830096, 0.1388778490467109]","[0.216091, 0.138878, 0.42]",1.0,1.0,1.0378575180743088,id,translation,,,0,False,zero_radius_boundary,no_nondegenerate_circles,0.08333333333333333,"{""LAx"": 1.0, ""LAy"": 0.0, ""LBx"": 0.0, ""LBz"": 1.0, ""LCy"": 1.0}"
E8,L1.00,1.0,1,True,1,"[0.10991624390681737, 0.06676051199330066]","[0.109916, 0.066761, 0.42]",1.0,1.0,1.0088745530770566,id,translation,,,0,False,zero_radius_boundary,no_nondegenerate_circles,0.08333333333333333,"{""LAx"": 1.0, ""LAy"": 0.0, ""LBx"": 0.0, ""LBz"": 1.0, ""LCy"": 1.0}"
E8,L1.00,1.0,2,True,2,"[0.4225612190131215, 0.125548183938205]","[0.422561, 0.125548, 0.42]",1.0,1.0,1.0310428632994486,id,translation,,,0,False,zero_radius_boundary,no_nondegenerate_circles,0.08333333333333333,"{""LAx"": 1.0, ""LAy"": 0.0, ""LBx"": 0.0, ""LBz"": 1.0, ""LCy"": 1.0}"
E8,L1.00,1.0,3,False,3,"[0.030000000000000002, 0.23]","[0.03, 0.23, 0.42]",1.0,1.0,1.0017983829094554,id,translation,,,0,False,zero_radius_boundary,no_nondegenerate_circles,0.08333333333333333,"{""LAx"": 1.0, ""LAy"": 0.0, ""LBx"": 0.0, ""LBz"": 1.0, ""LCy"": 1.0}"
E8,L1.00,1.0,4,False,4,"[0.3121, 0.02]","[0.3121, 0.02, 0.42]",1.0,1.0,1.0007996802557444,id,translation,,,0,False,zero_radius_boundary,no_nondegenerate_circles,0.08333333333333333,"{""LAx"": 1.0, ""LAy"": 0.0, ""LBx"": 0.0, ""LBz"": 1.0, ""LCy"": 1.0}"
E8,L1.00,1.0,5,False,5,"[0.3256, 0.23]","[0.3256, 0.23, 0.42]",1.0,1.0,1.100727032465361,id,translation,,,0,False,zero_radius_boundary,no_nondegenerate_circles,0.08333333333333333,"{""LAx"": 1.0, ""LAy"": 0.0, ""LBx"": 0.0, ""LBz"": 1.0, ""LCy"": 1.0}"
E8,L1.00,1.0,6,False,6,"[0.47000000000000003, 0.02]","[0.47, 0.02, 0.42]",1.0,1.0,1.0007996802557444,id,translation,,,0,False,zero_radius_boundary,no_nondegenerate_circles,0.08333333333333333,"{""LAx"": 1.0, ""LAy"": 0.0, ""LBx"": 0.0, ""LBz"": 1.0, ""LCy"": 1.0}"
E8,L1.00,1.0,7,False,7,"[0.1454, 0.23]","[0.1454, 0.23, 0.42]",1.0,1.0,1.04142433234489,id,translation,,,0,False,zero_radius_boundary,no_nondegenerate_circles,0.08333333333333333,"{""LAx"": 1.0, ""LAy"": 0.0, ""LBx"": 0.0, ""LBz"": 1.0, ""LCy"": 1.0}"
E8,L1.00,1.0,8,False,8,"[0.47000000000000003, 0.23]","[0.47, 0.23, 0.42]",1.0,1.0,1.100727032465361,id,translation,,,0,False,zero_radius_boundary,no_nondegenerate_circles,0.08333333333333333,"{""LAx"": 1.0, ""LAy"": 0.0, ""LBx"": 0.0, ""LBz"": 1.0, ""LCy"": 1.0}"
E8,L1.00,1.0,9,False,9,"[0.2056, 0.02]","[0.2056, 0.02, 0.42]",1.0,1.0,1.0007996802557444,id,translation,,,0,False,zero_radius_boundary,no_nondegenerate_circles,0.08333333333333333,"{""LAx"": 1.0, ""LAy"": 0.0, ""LBx"": 0.0, ""LBz"": 1.0, ""LCy"": 1.0}"
E8,L1.00,1.0,10,False,10,"[0.31880000000000003, 0.1236]","[0.3188, 0.1236, 0.42]",1.0,1.0,1.0301008882628924,id,translation,,,0,False,zero_radius_boundary,no_nondegenerate_circles,0.08333333333333333,"{""LAx"": 1.0, ""LAy"": 0.0, ""LBx"": 0.0, ""LBz"": 1.0, ""LCy"": 1.0}"
E8,L1.00,1.0,11,False,11,"[0.030000000000000002, 0.1288]","[0.03, 0.1288, 0.42]",1.0,1.0,1.0017983829094554,id,translation,,,0,False,zero_radius_boundary,no_nondegenerate_circles,0.08333333333333333,"{""LAx"": 1.0, ""LAy"": 0.0, ""LBx"": 0.0, ""LBz"": 1.0, ""LCy"": 1.0}"
E8,L1.20,1.2,0,True,0,"[0.21609142351830096, 0.1388778490467109]","[0.25931, 0.166653, 0.504]",1.2,1.2,1.2454290216891704,id,translation,,,0,False,no_nondegenerate_circles,no_nondegenerate_circles,0.08333333333333333,"{""LAx"": 1.2, ""LAy"": 0.0, ""LBx"": 0.0, ""LBz"": 1.2, ""LCy"": 1.2}"
E8,L1.20,1.2,1,True,1,"[0.10991624390681737, 0.06676051199330066]","[0.131899, 0.080113, 0.504]",1.2,1.2,1.2106494636924678,id,translation,,,0,False,no_nondegenerate_circles,no_nondegenerate_circles,0.08333333333333333,"{""LAx"": 1.2, ""LAy"": 0.0, ""LBx"": 0.0, ""LBz"": 1.2, ""LCy"": 1.2}"
E8,L1.20,1.2,2,True,2,"[0.4225612190131215, 0.125548183938205]","[0.507073, 0.150658, 0.504]",1.2,1.2,1.2372514359593383,id,translation,,,0,False,no_nondegenerate_circles,no_nondegenerate_circles,0.08333333333333333,"{""LAx"": 1.2, ""LAy"": 0.0, ""LBx"": 0.0, ""LBz"": 1.2, ""LCy"": 1.2}"
E8,L1.20,1.2,3,False,3,"[0.030000000000000002, 0.23]","[0.036, 0.276, 0.504]",1.2,1.2,1.2021580594913466,id,translation,,,0,False,no_nondegenerate_circles,no_nondegenerate_circles,0.08333333333333333,"{""LAx"": 1.2, ""LAy"": 0.0, ""LBx"": 0.0, ""LBz"": 1.2, ""LCy"": 1.2}"
E8,L1.20,1.2,4,False,4,"[0.3121, 0.02]","[0.37452, 0.024, 0.504]",1.2,1.2,1.2009596163068932,id,translation,,,0,False,no_nondegenerate_circles,no_nondegenerate_circles,0.08333333333333333,"{""LAx"": 1.2, ""LAy"": 0.0, ""LBx"": 0.0, ""LBz"": 1.2, ""LCy"": 1.2}"
E8,L1.20,1.2,5,False,5,"[0.3256, 0.23]","[0.39072, 0.276, 0.504]",1.2,1.2,1.3208724389584332,id,translation,,,0,False,no_nondegenerate_circles,no_nondegenerate_circles,0.08333333333333333,"{""LAx"": 1.2, ""LAy"": 0.0, ""LBx"": 0.0, ""LBz"": 1.2, ""LCy"": 1.2}"
E8,L1.20,1.2,6,False,6,"[0.47000000000000003, 0.02]","[0.564, 0.024, 0.504]",1.2,1.2,1.2009596163068932,id,translation,,,0,False,no_nondegenerate_circles,no_nondegenerate_circles,0.08333333333333333,"{""LAx"": 1.2, ""LAy"": 0.0, ""LBx"": 0.0, ""LBz"": 1.2, ""LCy"": 1.2}"
E8,L1.20,1.2,7,False,7,"[0.1454, 0.23]","[0.17448, 0.276, 0.504]",1.2,1.2,1.249709198813868,id,translation,,,0,False,no_nondegenerate_circles,no_nondegenerate_circles,0.08333333333333333,"{""LAx"": 1.2, ""LAy"": 0.0, ""LBx"": 0.0, ""LBz"": 1.2, ""LCy"": 1.2}"
E8,L1.20,1.2,8,False,8,"[0.47000000000000003, 0.23]","[0.564, 0.276, 0.504]",1.2,1.2,1.3208724389584332,id,translation,,,0,False,no_nondegenerate_circles,no_nondegenerate_circles,0.08333333333333333,"{""LAx"": 1.2, ""LAy"": 0.0, ""LBx"": 0.0, ""LBz"": 1.2, ""LCy"": 1.2}"
E8,L1.20,1.2,9,False,9,"[0.2056, 0.02]","[0.24672, 0.024, 0.504]",1.2,1.2,1.2009596163068932,id,translation,,,0,False,no_nondegenerate_circles,no_nondegenerate_circles,0.08333333333333333,"{""LAx"": 1.2, ""LAy"": 0.0, ""LBx"": 0.0, ""LBz"": 1.2, ""LCy"": 1.2}"
E8,L1.20,1.2,10,False,10,"[0.31880000000000003, 0.1236]","[0.38256, 0.14832, 0.504]",1.2,1.2,1.2361210659154709,id,translation,,,0,False,no_nondegenerate_circles,no_nondegenerate_circles,0.08333333333333333,"{""LAx"": 1.2, ""LAy"": 0.0, ""LBx"": 0.0, ""LBz"": 1.2, ""LCy"": 1.2}"
E8,L1.20,1.2,11,False,11,"[0.030000000000000002, 0.1288]","[0.036, 0.15456, 0.504]",1.2,1.2,1.2021580594913466,id,translation,,,0,False,no_nondegenerate_circles,no_nondegenerate_circles,0.08333333333333333,"{""LAx"": 1.2, ""LAy"": 0.0, ""LBx"": 0.0, ""LBz"": 1.2, ""LCy"": 1.2}"
E8,L1.50,1.5,0,True,0,"[0.21609142351830096, 0.1388778490467109]","[0.324137, 0.208317, 0.63]",1.5,1.5,1.5567862771114631,id,translation,,,0,False,no_nondegenerate_circles,no_nondegenerate_circles,0.08333333333333333,"{""LAx"": 1.5, ""LAy"": 0.0, ""LBx"": 0.0, ""LBz"": 1.5, ""LCy"": 1.5}"
E8,L1.50,1.5,1,True,1,"[0.10991624390681737, 0.06676051199330066]","[0.164874, 0.100141, 0.63]",1.5,1.5,1.5133118296155847,id,translation,,,0,False,no_nondegenerate_circles,no_nondegenerate_circles,0.08333333333333333,"{""LAx"": 1.5, ""LAy"": 0.0, ""LBx"": 0.0, ""LBz"": 1.5, ""LCy"": 1.5}"
E8,L1.50,1.5,2,True,2,"[0.4225612190131215, 0.125548183938205]","[0.633842, 0.188322, 0.63]",1.5,1.5,1.546564294949173,id,translation,,,0,False,no_nondegenerate_circles,no_nondegenerate_circles,0.08333333333333333,"{""LAx"": 1.5, ""LAy"": 0.0, ""LBx"": 0.0, ""LBz"": 1.5, ""LCy"": 1.5}"
E8,L1.50,1.5,3,False,3,"[0.030000000000000002, 0.23]","[0.045, 0.345, 0.63]",1.5,1.5,1.5026975743641833,id,translation,,,0,False,no_nondegenerate_circles,no_nondegenerate_circles,0.08333333333333333,"{""LAx"": 1.5, ""LAy"": 0.0, ""LBx"": 0.0, ""LBz"": 1.5, ""LCy"": 1.5}"
E8,L1.50,1.5,4,False,4,"[0.3121, 0.02]","[0.46815, 0.03, 0.63]",1.5,1.5,1.5011995203836164,id,translation,,,0,False,no_nondegenerate_circles,no_nondegenerate_circles,0.08333333333333333,"{""LAx"": 1.5, ""LAy"": 0.0, ""LBx"": 0.0, ""LBz"": 1.5, ""LCy"": 1.5}"
E8,L1.50,1.5,5,False,5,"[0.3256, 0.23]","[0.4884, 0.345, 0.63]",1.5,1.5,1.6510905486980416,id,translation,,,0,False,no_nondegenerate_circles,no_nondegenerate_circles,0.08333333333333333,"{""LAx"": 1.5, ""LAy"": 0.0, ""LBx"": 0.0, ""LBz"": 1.5, ""LCy"": 1.5}"
E8,L1.50,1.5,6,False,6,"[0.47000000000000003, 0.02]","[0.705, 0.03, 0.63]",1.5,1.5,1.5011995203836164,id,translation,,,0,False,no_nondegenerate_circles,no_nondegenerate_circles,0.08333333333333333,"{""LAx"": 1.5, ""LAy"": 0.0, ""LBx"": 0.0, ""LBz"": 1.5, ""LCy"": 1.5}"
E8,L1.50,1.5,7,False,7,"[0.1454, 0.23]","[0.2181, 0.345, 0.63]",1.5,1.5,1.5621364985173352,id,translation,,,0,False,no_nondegenerate_circles,no_nondegenerate_circles,0.08333333333333333,"{""LAx"": 1.5, ""LAy"": 0.0, ""LBx"": 0.0, ""LBz"": 1.5, ""LCy"": 1.5}"
E8,L1.50,1.5,8,False,8,"[0.47000000000000003, 0.23]","[0.705, 0.345, 0.63]",1.5,1.5,1.6510905486980416,id,translation,,,0,False,no_nondegenerate_circles,no_nondegenerate_circles,0.08333333333333333,"{""LAx"": 1.5, ""LAy"": 0.0, ""LBx"": 0.0, ""LBz"": 1.5, ""LCy"": 1.5}"
E8,L1.50,1.5,9,False,9,"[0.2056, 0.02]","[0.3084, 0.03, 0.63]",1.5,1.5,1.5011995203836164,id,translation,,,0,False,no_nondegenerate_circles,no_nondegenerate_circles,0.08333333333333333,"{""LAx"": 1.5, ""LAy"": 0.0, ""LBx"": 0.0, ""LBz"": 1.5, ""LCy"": 1.5}"
E8,L1.50,1.5,10,False,10,"[0.31880000000000003, 0.1236]","[0.4782, 0.1854, 0.63]",1.5,1.5,1.5451513323943387,id,translation,,,0,False,no_nondegenerate_circles,no_nondegenerate_circles,0.08333333333333333,"{""LAx"": 1.5, ""LAy"": 0.0, ""LBx"": 0.0, ""LBz"": 1.5, ""LCy"": 1.5}"
E8,L1.50,1.5,11,False,11,"[0.030000000000000002, 0.1288]","[0.045, 0.1932, 0.63]",1.5,1.5,1.5026975743641833,id,translation,,,0,False,no_nondegenerate_circles,no_nondegenerate_circles,0.08333333333333333,"{""LAx"": 1.5, ""LAy"": 0.0, ""LBx"": 0.0, ""LBz"": 1.5, ""LCy"": 1.5}"
