tag,topology,operator,op_type,axis_x,axis_y,axis_z,kind,T1_ESp,T1_ESm,T1_dE,A_closed,A_trace,closed_minus_T1,rel_error,trace_minus_closed_rel,l_decomp_resid_rel,l_decomp_vs_trace_rel,A_l2,A_l3,A_l4,A_l2_trace,A_l3_trace,A_l4_trace,frac_signed_l2,frac_signed_l3,frac_signed_l4,dominant_l,cov_raw_sha,cov_projected_sha,cov_real_projected_sha
E10_LCy0.7,E10,A_R,refl,0.0,1.0,0.0,refl_y,577.187002217454,217.0804028853765,360.10659933207756,360.1065993328647,360.10659933207745,7.871108209656086e-10,9.909897043599626e-13,9.911328385701684e-13,0.0,6.674706057422685e-13,197.71051661218718,102.01210000555885,60.38398271511864,197.71051661165703,102.01210000570441,60.383982714716204,0.5490333056335727,0.2832830617226871,0.16768363264374025,2,b006cccfcad87937,00b4a39a4f203b2b,789be32f4c38794e
E10_LCy0.7,E10,B_R,refl,1.0,0.0,0.0,refl_x,507.4226002730316,286.8448048294649,220.57779544356669,220.5777954446483,220.5777954435666,1.081616574083455e-09,1.3617788758986999e-12,1.3618862265563543e-12,0.0,1.1407259800120009e-12,126.22386279146289,57.853488631622426,36.500444021563,126.22386279055685,57.85348863178773,36.50044402102655,0.5722419273300673,0.2622815615461174,0.16547651112381528,2,b006cccfcad87937,00b4a39a4f203b2b,789be32f4c38794e
E10_LCy0.7,E10,AB_H,halfturn,0.0,0.0,1.0,halfturn_z,491.4938824539536,302.77352264860104,188.72035980535253,188.72035980670682,188.72035980535256,1.354294454358751e-09,1.7050862790773673e-12,1.705050495524816e-12,0.0,1.1226016106445996e-12,127.52908072655879,15.060274049777576,46.131005030370446,127.52908072566714,15.060274049468381,46.13100502994814,0.6757568757137703,0.07980206303762227,0.24444106124860737,2,b006cccfcad87937,00b4a39a4f203b2b,789be32f4c38794e
E10_def,E10,A_R,refl,0.0,1.0,0.0,refl_y,555.6793060630166,275.6271286629245,280.0521774000921,280.0521774012875,280.05217740009215,1.1954170986427926e-09,1.4379981300600527e-12,1.4379297516420755e-12,0.0,8.549695491776447e-13,136.52574939871724,102.86138329139573,40.66504471117456,136.5257493980065,102.86138329149402,40.66504471076448,0.48750111734746177,0.3672936387993348,0.1452052438532035,2,6ec99cc89e2afe3f,2e494010cb1345e2,a7bbd084c9dbc830
E10_def,E10,B_R,refl,1.0,0.0,0.0,refl_x,521.5698512350916,309.7365834907934,211.8332677442982,211.8332677454399,211.83326774429827,1.141700067819329e-09,1.3733805250717121e-12,1.373312146653735e-12,0.0,1.008581665163443e-12,130.60504346060526,48.769157387757815,32.459066897076845,130.60504345976682,48.76915738791102,32.45906689658283,0.6165464228100063,0.23022426036671315,0.15322931682328061,2,6ec99cc89e2afe3f,2e494010cb1345e2,a7bbd084c9dbc830
E10_def,E10,AB_H,halfturn,0.0,0.0,1.0,halfturn_z,531.1012532040704,300.20518152210263,230.89607168196778,230.89607168312807,230.89607168196778,1.1602878657868132e-09,1.3957402677497672e-12,1.3957402677497672e-12,0.0,8.884065955682369e-13,141.36366775424628,35.76229780932309,53.77010611955871,141.36366775350774,35.7622978090094,53.77010611919907,0.6122393799243486,0.15488482566477674,0.23287579441087466,2,6ec99cc89e2afe3f,2e494010cb1345e2,a7bbd084c9dbc830
E7_L1y0.6_g0,E7,A_R,refl,0.0,1.0,0.0,refl_y,400.7754204182388,185.65633476242,215.11908565581882,215.1190856565329,215.11908565581882,7.140670277294703e-10,1.2176472733975526e-12,1.2176472733975526e-12,4.846550204575516e-17,7.054396150269893e-13,105.56682075631885,67.28211780611935,42.270147094094675,105.56682075590516,67.282117806239,42.27014709376374,0.49073665609043515,0.31276684539996824,0.1964964985095965,2,2d4d2b3cba2419e9,9135e3df2df17d97,3ad1761a70945b2a
E7_L1y0.6_gh,E7,A_R,refl,0.0,1.0,0.0,refl_y,403.9888721692933,189.1856108218895,214.8032613474038,214.80326134816218,214.80326134740386,7.583764727314701e-10,1.2785048825890627e-12,1.2784090534182357e-12,0.0,7.073390671671491e-13,105.18248895652894,67.58859773290635,42.03217465872688,105.18248895610937,67.58859773300983,42.03217465833356,0.48966895705575314,0.3146534987816405,0.19567754416260635,2,87d7b028c361b899,5af870fb2ce082aa,544cc2bf79fc5b50
E7_L1y0.6_gq,E7,A_R,refl,0.0,1.0,0.0,refl_y,405.1247137070109,190.446279919328,214.67843378768293,214.67843378845743,214.67843378768296,7.744915819785092e-10,1.300418573548639e-12,1.3003708517661234e-12,0.0,7.080480871831617e-13,105.02931611505005,67.71366470287663,41.935452970530754,105.02931611462836,67.71366470297423,41.93545297011485,0.48924018245142026,0.31541903631363916,0.19534078123494064,2,5b2d27ae63f20815,404791717d20b6e1,0c3e81b543232223
E7_L1y0.7_g0,E7,A_R,refl,0.0,1.0,0.0,refl_y,409.4621394806345,212.5445639612866,196.9175755193479,196.91757551982633,196.91757551934782,4.784226348419907e-10,7.691599337991099e-13,7.692970145215835e-13,0.0,6.540007035277854e-13,98.57776594336582,60.62439206345445,37.71541751300607,98.57776594296566,60.624392063612426,37.715417512599274,0.5006042029673511,0.30786684176573453,0.19152895526691446,2,6f5f9efc156e0d3b,dd14c03ce0911b85,92213df32775c2df
E7_L1y0.7_gh,E7,A_R,refl,0.0,1.0,0.0,refl_y,404.9002472679786,207.2872170110436,197.61303025693502,197.6130302573455,197.61303025693502,4.104947493033251e-10,6.705376592230092e-13,6.705376592230092e-13,0.0,6.102760874116497e-13,99.42450730170768,60.08225914831932,38.10626380731853,99.42450730133407,60.08225914851862,38.10626380701934,0.5031272845329589,0.3040399667475166,0.19283274871952463,2,a598480cb9b54c70,2ff40cfb4aa9c513,b5813d50f1df6e67
E7_L1y0.7_gq,E7,A_R,refl,0.0,1.0,0.0,refl_y,404.2875003605233,206.6019545847221,197.68554577580122,197.68554577620293,197.68554577580122,4.0171244108933024e-10,6.575861440026593e-13,6.575861440026593e-13,0.0,6.057804151681495e-13,99.51661423267863,60.020891377882606,38.148040165641696,99.51661423230857,60.020891378087384,38.14804016535662,0.5034086525746299,0.30361800678048273,0.19297334064488744,2,6fcfa44a3c1ebe64,3e2dccdf8179a7f3,77c6446533774e26
E7_L1y0.85_g0,E7,A_R,refl,0.0,1.0,0.0,refl_y,434.5133502180756,226.33201840849551,208.18133180958006,208.1813318101596,208.18133180958012,5.795470769953681e-10,8.769783439654506e-13,8.768923277481033e-13,0.0,7.516097071816102e-13,104.37602593445247,61.527997627621744,42.2773082480854,104.37602593395577,61.5279976278405,42.277308247799255,0.5013707282343303,0.2955500240709819,0.20307924769468783,2,a832e2e91c2d3aee,e9871f92dde3da48,6b51fc52c4e1ec10
E7_L1y0.85_gh,E7,A_R,refl,0.0,1.0,0.0,refl_y,439.4297265649874,232.45936406370464,206.97036250128275,206.97036250193182,206.9703625012828,6.490665782621363e-10,9.660323218744324e-13,9.659477194904176e-13,0.0,8.479273937895958e-13,102.82921805833944,62.33649271867756,41.80465172491481,102.82921805776972,62.33649271882978,41.80465172452113,0.4968306419107695,0.30118559954735413,0.20198375854187633,2,421d9f1b5ee905ab,212a79e4d492a251,a12c74a1787675d2
E7_L1y0.85_gq,E7,A_R,refl,0.0,1.0,0.0,refl_y,440.36518495235765,233.6250959351497,206.74008901720796,206.74008901787067,206.74008901720794,6.627089987887302e-10,9.832619513683166e-13,9.833041206847539e-13,0.0,8.63016145547381e-13,102.54155427073067,62.511845571537854,41.686689175602154,102.541554270149,62.51184557167892,41.686689175188555,0.49599259997352013,0.30236924956598193,0.201638150460498,2,b3d9517c8292673c,4d3ee886c051bfd2,641c67e73c2ed313
E7_L1y1.0_g0,E7,A_R,refl,0.0,1.0,0.0,refl_y,446.084416342941,272.3181772161758,173.76623912676519,173.76623912774747,173.76623912676516,9.82282699624193e-10,1.3673150799160661e-12,1.3673546422863654e-12,0.0,1.0281468793396813e-12,89.98073599185594,49.98210133378604,33.8034018021055,89.98073599111731,49.982101333882326,33.8034018016478,0.517826342122217,0.28763988669306917,0.19453377118471385,2,6cb054da97e88862,211c9f1d1355031e,e3b3623298c7dae2
E7_L1y1.0_gh,E7,A_R,refl,0.0,1.0,0.0,refl_y,433.6626348514303,256.647021239026,177.0156136124043,177.01561361325233,177.0156136124043,8.480185442749644e-10,1.2284610780003957e-12,1.2284610780003957e-12,0.0,7.583751324271304e-13,94.09993320538733,48.144161443343485,34.771518964521505,94.09993320486382,48.1441614435705,34.771518964203935,0.5315911477220251,0.27197692034404336,0.19643193193393152,2,90f5f28bc5a95345,56a6498ac7d97529,c97d6af05894387e
E7_L1y1.0_gq,E7,A_R,refl,0.0,1.0,0.0,refl_y,438.12527899291206,262.5881369582786,175.53714203463346,175.53714203552522,175.53714203463346,8.917595550883561e-10,1.2726451853042203e-12,1.2726451853042203e-12,0.0,9.005173406913451e-13,92.21247797702371,48.89079509957665,34.43386895892486,92.2124779763927,48.89079509974244,34.433868958565036,0.5253160493997432,0.27852108410015086,0.1961628665001059,2,85c68abf4da4cbe0,269a737c6421de7e,7e2af453368fed3f
E7_LAx0.7,E7,A_R,refl,0.0,1.0,0.0,refl_y,399.49067837820047,268.3559774871808,131.1347008910197,131.134700891943,131.13470089101963,9.233076525561046e-10,1.3825144506558955e-12,1.3825995651329415e-12,0.0,1.1495454876717475e-12,59.60142338671325,22.775668045172726,48.75760946005701,59.60142338594553,22.775668045269455,48.757609459557294,0.4545053519878444,0.17368147325047262,0.37181317476168285,2,4393e7f1c71f9231,4d3ced53df8e6c7e,26583cc63f571e05
E7_LAx1.3,E7,A_R,refl,0.0,1.0,0.0,refl_y,453.9640872677448,268.5540120919228,185.410075175822,185.4100751767821,185.41007517582213,9.601137662684778e-10,1.328843896255858e-12,1.3286472111523596e-12,0.0,9.507757903112427e-13,93.50905870595267,52.34294864870621,39.55806782212322,93.50905870526572,52.342948648832774,39.55806782169798,0.50433644782677,0.282309084869304,0.21335446730392602,2,744e2214b796105b,dc5094c5ad34488d,9b7bda1be022b550
E7_tilt,E7,A_R,refl,0.0,1.0,0.0,refl_y,415.4153106542775,268.91857112409895,146.49673953017856,146.4967395310646,146.4967395301786,8.860467914928449e-10,1.2947580341781086e-12,1.294716502244374e-12,0.0,1.0013556883095843e-12,71.01981812004641,36.21090432583053,39.26601708518766,71.01981811936115,36.210904325953635,39.266017084728674,0.4847877048143223,0.24717890952209226,0.2680333856635854,2,a4bbbb215a90397c,0590d13b8e5615da,c804f862ed2119a7
E8_LCy0.7,E8,A_R,refl,0.0,1.0,0.0,refl_y,586.0719494515872,207.3594673577671,378.7124820938201,378.71248209459935,378.71248209382003,7.792664291628171e-10,9.821471807815484e-13,9.822188232923647e-13,0.0,6.971890940094565e-13,205.17283185414453,78.48457055913327,95.05507968132156,205.17283185359136,78.48457055930953,95.0550796808264,0.5417641127627105,0.2072405169352946,0.25099537030199487,2,6d993a7758adace8,137fadcf87ab2902,89be78a544fa215a
E8_LCy0.7,E8,B_R,refl,1.0,0.0,0.0,refl_x,507.1215170928026,286.3098997162707,220.8116173765319,220.81161737761346,220.81161737653193,1.081559730664594e-09,1.3631420533034606e-12,1.3631062320480525e-12,0.0,1.1401010065043331e-12,126.12165778329145,56.99530432074188,37.694655273580125,126.12165778238686,56.99530432090751,37.694655273045164,0.5711731080145516,0.258117326423425,0.17070956556202338,2,6d993a7758adace8,137fadcf87ab2902,89be78a544fa215a
E8_LCy0.7,E8,AB_H,halfturn,0.0,0.0,1.0,halfturn_z,494.9790848597044,298.4523319492577,196.5267529104467,196.52675291197076,196.52675291044673,1.524057324786554e-09,1.9208431787539213e-12,1.920807357498513e-12,0.0,1.1402263808984216e-12,133.12929492337372,-0.06070084136044329,63.45815882995748,133.12929492246903,-0.060700841637233355,63.45815882942249,0.6774105456421277,-0.0003088680826453827,0.3228983224405177,2,6d993a7758adace8,137fadcf87ab2902,89be78a544fa215a
E8_def,E8,A_R,refl,0.0,1.0,0.0,refl_y,570.9299601500838,260.4860485895173,310.44391156056656,310.4439115617124,310.44391156056656,1.145849637396168e-09,1.3781904911035304e-12,1.3781904911035304e-12,0.0,1.0106365631259246e-12,182.8107506093653,42.656181818906404,84.97697913344074,182.81075060852504,42.65618181905657,84.97697913294388,0.5888688545693214,0.1374038279711177,0.273727317459561,2,1d5040debabc6ab7,3762988c19b06395,c52aa19c071a6a8f
E8_def,E8,B_R,refl,1.0,0.0,0.0,refl_x,522.6716847440065,308.7443239955947,213.9273607484118,213.92736074955758,213.9273607484118,1.1457927939773072e-09,1.3781221216972843e-12,1.3781221216972843e-12,0.0,1.0106023784228014e-12,135.53002592200355,42.65618080730043,35.74115402025361,135.53002592116331,42.65618080745061,35.7411540197568,0.6335329218625151,0.19939562970272678,0.16707144843475813,2,1d5040debabc6ab7,3762988c19b06395,c52aa19c071a6a8f
E8_def,E8,AB_H,halfturn,0.0,0.0,1.0,halfturn_z,538.2086425306456,293.2073662088746,245.00127632177106,245.00127632329833,245.001276321771,1.5272689779521897e-09,1.8369492070132578e-12,1.8370175764195037e-12,0.0,1.0107391172353916e-12,172.00673716294494,6.6169511390842075,66.37758802126919,172.0067371621046,6.616951138853011,66.37758802077234,0.7020646575570023,0.027007823136205315,0.27092751930679243,2,1d5040debabc6ab7,3762988c19b06395,c52aa19c071a6a8f
E9_def,E9,A_R,refl,0.0,1.0,0.0,refl_y,548.5145479699203,266.3126213980941,282.20192657182616,282.20192657297173,282.20192657182616,1.145565420301864e-09,1.4058998808181277e-12,1.4058998808181277e-12,0.0,8.722257832515781e-13,137.92060205601112,95.13016189323119,49.15116262372944,137.9206020553004,95.1301618933793,49.15116262331935,0.48873019306034976,0.3370996188739075,0.17417018806574286,2,d1cc6b07fa206711,83bfcdd524052431,32f8c3cca4d2206b
